Judge,Judge_Email,Judge_Password
William Williams,william.williams@judicialsystem.com,d1OXGVRM4Q
Michael Smith,michael.smith@judicialsystem.com,J$ok9K8qpZ
Linda Johnson,linda.johnson@judicialsystem.com,sEv3VRaU84
William Jones,william.jones@judicialsystem.com,WxlsW@^ZI@
Robert Miller,robert.miller@judicialsystem.com,Sw0G4OWJ%A
Michael Rodriguez,michael.rodriguez@judicialsystem.com,xS@&E0pC^C
James Garcia,james.garcia@judicialsystem.com,q7nxJL3MTh
Sarah Johnson,sarah.johnson@judicialsystem.com,xS@&E0pC^D
Emily Wilson,emily.wilson@judicialsystem.com,xS@&E0pC^E
Fortnite,fortnite@gmail.com,30303